[{"model": "admin.logentry", "pk": 1, "fields": {"action_time": "2025-07-23T08:17:26.913Z", "user": 1, "content_type": 9, "object_id": "+254789876543", "object_repr": "new | female | +254789876543 | Active | None", "action_flag": 2, "change_message": "[{\"changed\": {\"fields\": [\"Created by\"]}}]"}}, {"model": "admin.logentry", "pk": 2, "fields": {"action_time": "2025-07-23T09:27:48.192Z", "user": 1, "content_type": 9, "object_id": "+254789876543", "object_repr": "new | female | +254789876543 | Active | None", "action_flag": 2, "change_message": "[{\"changed\": {\"fields\": [\"Created by\"]}}]"}}, {"model": "admin.logentry", "pk": 3, "fields": {"action_time": "2025-07-23T09:33:42.924Z", "user": 1, "content_type": 9, "object_id": "+254789876543", "object_repr": "new | female | +254789876543 | Active | None", "action_flag": 2, "change_message": "[{\"changed\": {\"fields\": [\"Created by\"]}}]"}}, {"model": "admin.logentry", "pk": 4, "fields": {"action_time": "2025-07-23T09:55:38.524Z", "user": 1, "content_type": 9, "object_id": "+254786765654", "object_repr": "nia | female | +254786765654 | Active | None", "action_flag": 2, "change_message": "[{\"changed\": {\"fields\": [\"Created by\"]}}]"}}, {"model": "admin.logentry", "pk": 5, "fields": {"action_time": "2025-07-23T10:14:34.595Z", "user": 1, "content_type": 9, "object_id": "+254114117613", "object_repr": "dia | female | +254114117613 | Active | None", "action_flag": 2, "change_message": "[{\"changed\": {\"fields\": [\"Created by\"]}}]"}}, {"model": "admin.logentry", "pk": 6, "fields": {"action_time": "2025-07-23T10:22:20.699Z", "user": 1, "content_type": 9, "object_id": "+254114117613", "object_repr": "dia | female | +254114117613 | Active | None", "action_flag": 2, "change_message": "[{\"changed\": {\"fields\": [\"Created by\"]}}]"}}, {"model": "admin.logentry", "pk": 7, "fields": {"action_time": "2025-07-23T10:24:12.709Z", "user": 1, "content_type": 9, "object_id": "+254114117613", "object_repr": "dia | female | +254114117613 | Active | None", "action_flag": 2, "change_message": "[{\"changed\": {\"fields\": [\"Created by\"]}}]"}}, {"model": "admin.logentry", "pk": 8, "fields": {"action_time": "2025-07-23T10:30:23.086Z", "user": 1, "content_type": 9, "object_id": "+254114117613", "object_repr": "dia | female | +254114117613 | Active | None", "action_flag": 2, "change_message": "[{\"changed\": {\"fields\": [\"Created by\"]}}]"}}, {"model": "admin.logentry", "pk": 9, "fields": {"action_time": "2025-07-23T10:40:21.514Z", "user": 1, "content_type": 7, "object_id": "2", "object_repr": "County object (2)", "action_flag": 3, "change_message": ""}}, {"model": "admin.logentry", "pk": 10, "fields": {"action_time": "2025-07-23T11:03:40.126Z", "user": 1, "content_type": 9, "object_id": "+254786765654", "object_repr": "nia | male | +254786765654 | Active | None", "action_flag": 2, "change_message": "[{\"changed\": {\"fields\": [\"Gender\", \"Created by\"]}}]"}}, {"model": "admin.logentry", "pk": 11, "fields": {"action_time": "2025-07-23T11:03:55.198Z", "user": 1, "content_type": 9, "object_id": "+254114117000", "object_repr": "sophie | female | +254114117000 | Active | None", "action_flag": 2, "change_message": "[]"}}, {"model": "admin.logentry", "pk": 12, "fields": {"action_time": "2025-07-23T12:27:32.001Z", "user": 1, "content_type": 7, "object_id": "92", "object_repr": "{'name': 'vihiga', 'towns': ['mbale', 'luanda', 'hamisi', 'sabatia', 'emuhaya', 'tiriki']}", "action_flag": 3, "change_message": ""}}, {"model": "admin.logentry", "pk": 13, "fields": {"action_time": "2025-07-23T12:27:32.001Z", "user": 1, "content_type": 7, "object_id": "90", "object_repr": "{'name': 'migori', 'towns': ['migori town', 'awendo', 'rongo', 'kuria', 'nyatike', 'uriri']}", "action_flag": 3, "change_message": ""}}, {"model": "admin.logentry", "pk": 14, "fields": {"action_time": "2025-07-23T12:27:32.001Z", "user": 1, "content_type": 7, "object_id": "88", "object_repr": "{'name': 'homabay', 'towns': ['homabay town', 'mbita', 'kendu bay', 'oyugis', 'rangwe', 'ndhiwa']}", "action_flag": 3, "change_message": ""}}, {"model": "admin.logentry", "pk": 15, "fields": {"action_time": "2025-07-23T12:27:32.001Z", "user": 1, "content_type": 7, "object_id": "86", "object_repr": "{'name': 'siaya', 'towns': ['siaya town', 'bondo', 'ugenya', 'gem', 'rarieda', 'alego usonga']}", "action_flag": 3, "change_message": ""}}, {"model": "admin.logentry", "pk": 16, "fields": {"action_time": "2025-07-23T12:27:32.001Z", "user": 1, "content_type": 7, "object_id": "84", "object_repr": "{'name': 'busia', 'towns': ['busia town', 'malaba', 'nambale', 'butula', 'funyula', 'port victoria']}", "action_flag": 3, "change_message": ""}}, {"model": "admin.logentry", "pk": 17, "fields": {"action_time": "2025-07-23T12:27:32.001Z", "user": 1, "content_type": 7, "object_id": "82", "object_repr": "{'name': 'bungoma', 'towns': ['bungoma town', 'webuye', 'kimilili', 'chwele', 'sirisia', 'mt elgon']}", "action_flag": 3, "change_message": ""}}, {"model": "admin.logentry", "pk": 18, "fields": {"action_time": "2025-07-23T12:27:32.001Z", "user": 1, "content_type": 7, "object_id": "81", "object_repr": "{'name': 'trans nzoia', 'towns': ['kitale', 'kiminini', 'endebess', 'cherangany', 'saboti', 'kesogon']}", "action_flag": 3, "change_message": ""}}, {"model": "admin.logentry", "pk": 19, "fields": {"action_time": "2025-07-23T12:27:32.001Z", "user": 1, "content_type": 7, "object_id": "79", "object_repr": "{'name': 'uasin gishu', 'towns': ['eldoret', 'moiben', 'ziwa', 'kesses', 'turbo', 'kapseret']}", "action_flag": 3, "change_message": ""}}, {"model": "admin.logentry", "pk": 20, "fields": {"action_time": "2025-07-23T12:27:32.001Z", "user": 1, "content_type": 7, "object_id": "77", "object_repr": "{'name': 'nandi', 'towns': ['kapsabet', 'nandi hills', 'mosoriot', 'kabiyet', 'chepterit', 'lessos']}", "action_flag": 3, "change_message": ""}}, {"model": "admin.logentry", "pk": 21, "fields": {"action_time": "2025-07-23T12:27:32.001Z", "user": 1, "content_type": 7, "object_id": "75", "object_repr": "{'name': 'elgeyo marakwet', 'towns': ['itens', 'kapsowar', 'chebiemit', 'tambach', 'chesoi', 'kapcherop']}", "action_flag": 3, "change_message": ""}}, {"model": "admin.logentry", "pk": 22, "fields": {"action_time": "2025-07-23T12:27:32.001Z", "user": 1, "content_type": 7, "object_id": "73", "object_repr": "{'name': 'west pokot', 'towns': ['kapenguria', 'chepareria', 'ortum', 'lomut', 'sigor', 'alale']}", "action_flag": 3, "change_message": ""}}, {"model": "admin.logentry", "pk": 23, "fields": {"action_time": "2025-07-23T12:27:32.001Z", "user": 1, "content_type": 7, "object_id": "71", "object_repr": "{'name': 'turkana', 'towns': ['lodwar', 'kalokol', 'lokichoggio', 'kakuma', 'lokitaung', 'lorugum']}", "action_flag": 3, "change_message": ""}}, {"model": "admin.logentry", "pk": 24, "fields": {"action_time": "2025-07-23T12:27:32.001Z", "user": 1, "content_type": 7, "object_id": "69", "object_repr": "{'name': 'samburu', 'towns': ['maralal', 'baragoi', 'archers post', 'wamba', 'lodokejek', 'south horr']}", "action_flag": 3, "change_message": ""}}, {"model": "admin.logentry", "pk": 25, "fields": {"action_time": "2025-07-23T12:27:32.001Z", "user": 1, "content_type": 7, "object_id": "67", "object_repr": "{'name': 'isiolo', 'towns': ['isiolo town', 'garbatulla', 'kina', 'merti', 'kipsing', 'oldonyiro']}", "action_flag": 3, "change_message": ""}}, {"model": "admin.logentry", "pk": 26, "fields": {"action_time": "2025-07-23T12:27:32.001Z", "user": 1, "content_type": 7, "object_id": "65", "object_repr": "{'name': 'marsabit', 'towns': ['marsabit town', 'moyale', 'sololo', 'loiyangalani', 'north horr', 'laisamis']}", "action_flag": 3, "change_message": ""}}, {"model": "admin.logentry", "pk": 27, "fields": {"action_time": "2025-07-23T12:27:32.001Z", "user": 1, "content_type": 7, "object_id": "63", "object_repr": "{'name': 'mandera', 'towns': ['mandera town', 'elwak', 'lafey', 'takaba', 'banisa', 'rhamu']}", "action_flag": 3, "change_message": ""}}, {"model": "admin.logentry", "pk": 28, "fields": {"action_time": "2025-07-23T12:27:32.002Z", "user": 1, "content_type": 7, "object_id": "61", "object_repr": "{'name': 'wajir', 'towns': ['wajir town', 'griftu', 'habaswein', 'eldas', 'tarbaj', 'bute']}", "action_flag": 3, "change_message": ""}}, {"model": "admin.logentry", "pk": 29, "fields": {"action_time": "2025-07-23T12:27:32.002Z", "user": 1, "content_type": 7, "object_id": "59", "object_repr": "{'name': 'garissa', 'towns': ['garissa town', 'dadaab', 'masalani', 'hulugho', 'modogashe', 'balambala']}", "action_flag": 3, "change_message": ""}}, {"model": "admin.logentry", "pk": 30, "fields": {"action_time": "2025-07-23T12:27:32.002Z", "user": 1, "content_type": 7, "object_id": "57", "object_repr": "{'name': 'tana river', 'towns': ['hola', 'bura', 'garsen', 'madogo', 'wenje', 'kipini']}", "action_flag": 3, "change_message": ""}}, {"model": "admin.logentry", "pk": 31, "fields": {"action_time": "2025-07-23T12:27:32.002Z", "user": 1, "content_type": 7, "object_id": "55", "object_repr": "{'name': 'lamu', 'towns': ['lamu town', 'mpeketoni', 'kiunga', 'faza', 'shela', 'matondoni']}", "action_flag": 3, "change_message": ""}}, {"model": "admin.logentry", "pk": 32, "fields": {"action_time": "2025-07-23T12:27:32.002Z", "user": 1, "content_type": 7, "object_id": "53", "object_repr": "{'name': 'kilifi', 'towns': ['malindi', 'kilifi town', 'watamu', 'mtwapa', 'kaloleni', 'gongoni']}", "action_flag": 3, "change_message": ""}}, {"model": "admin.logentry", "pk": 33, "fields": {"action_time": "2025-07-23T12:27:32.002Z", "user": 1, "content_type": 7, "object_id": "51", "object_repr": "{'name': 'kwale', 'towns': ['ukunda', 'diani', 'kwale town', 'kinango', 'lunga lunga', 'shimba hills']}", "action_flag": 3, "change_message": ""}}, {"model": "admin.logentry", "pk": 34, "fields": {"action_time": "2025-07-23T12:27:32.002Z", "user": 1, "content_type": 7, "object_id": "49", "object_repr": "{'name': 'taita taveta', 'towns': ['voi', 'taveta', 'wundanyi', 'mwatate', 'maungu', 'ndii']}", "action_flag": 3, "change_message": ""}}, {"model": "admin.logentry", "pk": 35, "fields": {"action_time": "2025-07-23T12:27:32.002Z", "user": 1, "content_type": 7, "object_id": "47", "object_repr": "{'name': 'makueni', 'towns': ['wote', 'mtito andei', 'makindu', 'kibwezi', 'sultan hamud', 'kathonzweni']}", "action_flag": 3, "change_message": ""}}, {"model": "admin.logentry", "pk": 36, "fields": {"action_time": "2025-07-23T12:27:32.002Z", "user": 1, "content_type": 7, "object_id": "45", "object_repr": "{'name': 'kitui', 'towns': ['kitui town', 'mwingi', 'mutomo', 'kyuso', 'ikutha', 'kabati']}", "action_flag": 3, "change_message": ""}}, {"model": "admin.logentry", "pk": 37, "fields": {"action_time": "2025-07-23T12:27:32.002Z", "user": 1, "content_type": 7, "object_id": "43", "object_repr": "{'name': 'tharaka nithi', 'towns': ['chuka', 'marimanti', 'gatunga', 'muthambi', 'kathwana', 'chiakariga']}", "action_flag": 3, "change_message": ""}}, {"model": "admin.logentry", "pk": 38, "fields": {"action_time": "2025-07-23T12:27:32.002Z", "user": 1, "content_type": 7, "object_id": "41", "object_repr": "{'name': \"murang'a\", 'towns': [\"murang'a town\", 'kangema', 'kandara', 'kenol', 'maragua', 'kiria-ini']}", "action_flag": 3, "change_message": ""}}, {"model": "admin.logentry", "pk": 39, "fields": {"action_time": "2025-07-23T12:27:32.002Z", "user": 1, "content_type": 7, "object_id": "39", "object_repr": "{'name': 'nyandarua', 'towns': ['ol kalou', 'njabini', 'engineer', 'mirangine', 'kipipiri', 'shamata']}", "action_flag": 3, "change_message": ""}}, {"model": "admin.logentry", "pk": 40, "fields": {"action_time": "2025-07-23T12:27:32.002Z", "user": 1, "content_type": 7, "object_id": "37", "object_repr": "{'name': 'laikipia', 'towns': ['nyahururu', 'nanyuki', 'rumuruti', 'kinamba', 'sipili', 'wiyumiririe']}", "action_flag": 3, "change_message": ""}}, {"model": "admin.logentry", "pk": 41, "fields": {"action_time": "2025-07-23T12:27:32.002Z", "user": 1, "content_type": 7, "object_id": "35", "object_repr": "{'name': 'kajiado', 'towns': ['kajiado town', 'ngong', 'kitengela', 'isinya', 'loitokitok', 'namanga']}", "action_flag": 3, "change_message": ""}}, {"model": "admin.logentry", "pk": 42, "fields": {"action_time": "2025-07-23T12:27:32.002Z", "user": 1, "content_type": 7, "object_id": "33", "object_repr": "{'name': 'narok', 'towns': ['narok town', 'kilgoris', 'lolgorien', 'suswa', 'entasekera', \"ololulung'a\"]}", "action_flag": 3, "change_message": ""}}, {"model": "admin.logentry", "pk": 43, "fields": {"action_time": "2025-07-23T12:27:32.002Z", "user": 1, "content_type": 7, "object_id": "31", "object_repr": "{'name': 'bomet', 'towns': ['bomet town', 'sotik', 'kaplong', 'longisa', 'silibwet', 'chebole']}", "action_flag": 3, "change_message": ""}}, {"model": "admin.logentry", "pk": 44, "fields": {"action_time": "2025-07-23T12:27:32.002Z", "user": 1, "content_type": 7, "object_id": "29", "object_repr": "{'name': 'kericho', 'towns': ['litein', 'kericho town', 'sosiot', 'kipkelion', 'chepseon', 'fort tenan']}", "action_flag": 3, "change_message": ""}}, {"model": "admin.logentry", "pk": 45, "fields": {"action_time": "2025-07-23T12:27:32.002Z", "user": 1, "content_type": 7, "object_id": "27", "object_repr": "{'name': 'nyamira', 'towns': ['nyamira town', 'keroka', 'ekerenyo', 'magwagwa', 'manga', 'gesima']}", "action_flag": 3, "change_message": ""}}, {"model": "admin.logentry", "pk": 46, "fields": {"action_time": "2025-07-23T12:27:32.002Z", "user": 1, "content_type": 7, "object_id": "25", "object_repr": "{'name': 'kisii', 'towns': ['nyamache', 'suneka', 'kisii town', 'masimba', 'tabaka', 'keumbu']}", "action_flag": 3, "change_message": ""}}, {"model": "admin.logentry", "pk": 47, "fields": {"action_time": "2025-07-23T12:27:32.002Z", "user": 1, "content_type": 7, "object_id": "23", "object_repr": "{'name': 'bungoma', 'towns': ['webuye', 'kimilili', 'chwele', 'sirisia', 'bungoma town', 'mt elgon']}", "action_flag": 3, "change_message": ""}}, {"model": "admin.logentry", "pk": 48, "fields": {"action_time": "2025-07-23T12:27:32.002Z", "user": 1, "content_type": 7, "object_id": "21", "object_repr": "{'name': 'kakamega', 'towns': ['mumias', 'butere', 'shinyalu', 'malava', 'kakamega town', 'navakholo']}", "action_flag": 3, "change_message": ""}}, {"model": "admin.logentry", "pk": 49, "fields": {"action_time": "2025-07-23T12:27:32.002Z", "user": 1, "content_type": 7, "object_id": "19", "object_repr": "{'name': 'embu', 'towns': ['runyenjes', 'siakago', 'embu town', 'kiritiri', 'manyatta', 'mbeere']}", "action_flag": 3, "change_message": ""}}, {"model": "admin.logentry", "pk": 50, "fields": {"action_time": "2025-07-23T12:27:32.002Z", "user": 1, "content_type": 7, "object_id": "18", "object_repr": "{'name': 'meru', 'towns': ['timau', 'maua', 'nkubu', 'meru town', 'tigania', 'igembe']}", "action_flag": 3, "change_message": ""}}, {"model": "admin.logentry", "pk": 51, "fields": {"action_time": "2025-07-23T12:27:32.002Z", "user": 1, "content_type": 7, "object_id": "16", "object_repr": "{'name': 'nyeri', 'towns': ['karatina', 'othaya', 'mukurweini', 'nyeri town', 'kieni', 'tetu']}", "action_flag": 3, "change_message": ""}}, {"model": "admin.logentry", "pk": 52, "fields": {"action_time": "2025-07-23T12:27:32.002Z", "user": 1, "content_type": 7, "object_id": "14", "object_repr": "{'name': 'machakos', 'towns': ['kangundo', 'mavoko', 'masinga', 'matungulu', 'machakos town', 'yatta']}", "action_flag": 3, "change_message": ""}}, {"model": "admin.logentry", "pk": 53, "fields": {"action_time": "2025-07-23T12:27:32.002Z", "user": 1, "content_type": 7, "object_id": "12", "object_repr": "{'name': 'kiambu', 'towns': ['thika', 'ruiru', 'githunguri', 'limuru', 'kikuyu', 'kiambu town']}", "action_flag": 3, "change_message": ""}}, {"model": "admin.logentry", "pk": 54, "fields": {"action_time": "2025-07-23T12:27:32.002Z", "user": 1, "content_type": 7, "object_id": "11", "object_repr": "{'name': 'nakuru', 'towns': ['naivasha', 'gilgil', 'rongai', 'njoro', 'molo', 'subukia']}", "action_flag": 3, "change_message": ""}}, {"model": "admin.logentry", "pk": 55, "fields": {"action_time": "2025-07-23T12:27:32.002Z", "user": 1, "content_type": 7, "object_id": "9", "object_repr": "{'name': 'kisumu', 'towns': ['milimani', 'nyalenda', 'kondele', 'mamboleo', 'dunga', 'kibos']}", "action_flag": 3, "change_message": ""}}, {"model": "admin.logentry", "pk": 56, "fields": {"action_time": "2025-07-23T12:27:32.002Z", "user": 1, "content_type": 7, "object_id": "7", "object_repr": "{'name': 'mombasa', 'towns': ['mombasa town', 'likoni', 'nyali', 'changamwe', 'kisauni', 'mtongwe', 'shanzu']}", "action_flag": 3, "change_message": ""}}, {"model": "admin.logentry", "pk": 57, "fields": {"action_time": "2025-07-23T12:27:32.002Z", "user": 1, "content_type": 7, "object_id": "5", "object_repr": "{'name': 'nairobi', 'towns': ['embakasi', 'kilimani', 'karen', 'westlands', 'langata', 'nairobi central']}", "action_flag": 3, "change_message": ""}}, {"model": "admin.logentry", "pk": 58, "fields": {"action_time": "2025-07-23T18:14:07.600Z", "user": 1, "content_type": 7, "object_id": "91", "object_repr": "vihiga", "action_flag": 3, "change_message": ""}}, {"model": "admin.logentry", "pk": 59, "fields": {"action_time": "2025-07-23T18:14:07.600Z", "user": 1, "content_type": 7, "object_id": "89", "object_repr": "migori", "action_flag": 3, "change_message": ""}}, {"model": "admin.logentry", "pk": 60, "fields": {"action_time": "2025-07-23T18:14:07.600Z", "user": 1, "content_type": 7, "object_id": "87", "object_repr": "homabay", "action_flag": 3, "change_message": ""}}, {"model": "admin.logentry", "pk": 61, "fields": {"action_time": "2025-07-23T18:14:07.600Z", "user": 1, "content_type": 7, "object_id": "85", "object_repr": "siaya", "action_flag": 3, "change_message": ""}}, {"model": "admin.logentry", "pk": 62, "fields": {"action_time": "2025-07-23T18:14:07.600Z", "user": 1, "content_type": 7, "object_id": "83", "object_repr": "busia", "action_flag": 3, "change_message": ""}}, {"model": "admin.logentry", "pk": 63, "fields": {"action_time": "2025-07-23T18:14:07.600Z", "user": 1, "content_type": 7, "object_id": "80", "object_repr": "trans nzoia", "action_flag": 3, "change_message": ""}}, {"model": "admin.logentry", "pk": 64, "fields": {"action_time": "2025-07-23T18:14:07.600Z", "user": 1, "content_type": 7, "object_id": "78", "object_repr": "uasin gishu", "action_flag": 3, "change_message": ""}}, {"model": "admin.logentry", "pk": 65, "fields": {"action_time": "2025-07-23T18:14:07.600Z", "user": 1, "content_type": 7, "object_id": "76", "object_repr": "nandi", "action_flag": 3, "change_message": ""}}, {"model": "admin.logentry", "pk": 66, "fields": {"action_time": "2025-07-23T18:14:07.600Z", "user": 1, "content_type": 7, "object_id": "74", "object_repr": "elgeyo marakwet", "action_flag": 3, "change_message": ""}}, {"model": "admin.logentry", "pk": 67, "fields": {"action_time": "2025-07-23T18:14:07.600Z", "user": 1, "content_type": 7, "object_id": "72", "object_repr": "west pokot", "action_flag": 3, "change_message": ""}}, {"model": "admin.logentry", "pk": 68, "fields": {"action_time": "2025-07-23T18:14:07.600Z", "user": 1, "content_type": 7, "object_id": "70", "object_repr": "turkana", "action_flag": 3, "change_message": ""}}, {"model": "admin.logentry", "pk": 69, "fields": {"action_time": "2025-07-23T18:14:07.600Z", "user": 1, "content_type": 7, "object_id": "68", "object_repr": "samburu", "action_flag": 3, "change_message": ""}}, {"model": "admin.logentry", "pk": 70, "fields": {"action_time": "2025-07-23T18:14:07.600Z", "user": 1, "content_type": 7, "object_id": "66", "object_repr": "isiolo", "action_flag": 3, "change_message": ""}}, {"model": "admin.logentry", "pk": 71, "fields": {"action_time": "2025-07-23T18:14:07.600Z", "user": 1, "content_type": 7, "object_id": "64", "object_repr": "marsabit", "action_flag": 3, "change_message": ""}}, {"model": "admin.logentry", "pk": 72, "fields": {"action_time": "2025-07-23T18:14:07.600Z", "user": 1, "content_type": 7, "object_id": "62", "object_repr": "mandera", "action_flag": 3, "change_message": ""}}, {"model": "admin.logentry", "pk": 73, "fields": {"action_time": "2025-07-23T18:14:07.600Z", "user": 1, "content_type": 7, "object_id": "60", "object_repr": "wajir", "action_flag": 3, "change_message": ""}}, {"model": "admin.logentry", "pk": 74, "fields": {"action_time": "2025-07-23T18:14:07.600Z", "user": 1, "content_type": 7, "object_id": "58", "object_repr": "garissa", "action_flag": 3, "change_message": ""}}, {"model": "admin.logentry", "pk": 75, "fields": {"action_time": "2025-07-23T18:14:07.600Z", "user": 1, "content_type": 7, "object_id": "56", "object_repr": "tana river", "action_flag": 3, "change_message": ""}}, {"model": "admin.logentry", "pk": 76, "fields": {"action_time": "2025-07-23T18:14:07.600Z", "user": 1, "content_type": 7, "object_id": "54", "object_repr": "lamu", "action_flag": 3, "change_message": ""}}, {"model": "admin.logentry", "pk": 77, "fields": {"action_time": "2025-07-23T18:14:07.600Z", "user": 1, "content_type": 7, "object_id": "52", "object_repr": "kilifi", "action_flag": 3, "change_message": ""}}, {"model": "admin.logentry", "pk": 78, "fields": {"action_time": "2025-07-23T18:14:07.600Z", "user": 1, "content_type": 7, "object_id": "50", "object_repr": "kwale", "action_flag": 3, "change_message": ""}}, {"model": "admin.logentry", "pk": 79, "fields": {"action_time": "2025-07-23T18:14:07.600Z", "user": 1, "content_type": 7, "object_id": "48", "object_repr": "taita taveta", "action_flag": 3, "change_message": ""}}, {"model": "admin.logentry", "pk": 80, "fields": {"action_time": "2025-07-23T18:14:07.600Z", "user": 1, "content_type": 7, "object_id": "46", "object_repr": "makueni", "action_flag": 3, "change_message": ""}}, {"model": "admin.logentry", "pk": 81, "fields": {"action_time": "2025-07-23T18:14:07.600Z", "user": 1, "content_type": 7, "object_id": "44", "object_repr": "kitui", "action_flag": 3, "change_message": ""}}, {"model": "admin.logentry", "pk": 82, "fields": {"action_time": "2025-07-23T18:14:07.600Z", "user": 1, "content_type": 7, "object_id": "42", "object_repr": "tharaka nithi", "action_flag": 3, "change_message": ""}}, {"model": "admin.logentry", "pk": 83, "fields": {"action_time": "2025-07-23T18:14:07.600Z", "user": 1, "content_type": 7, "object_id": "40", "object_repr": "murang'a", "action_flag": 3, "change_message": ""}}, {"model": "admin.logentry", "pk": 84, "fields": {"action_time": "2025-07-23T18:14:07.600Z", "user": 1, "content_type": 7, "object_id": "38", "object_repr": "nyandarua", "action_flag": 3, "change_message": ""}}, {"model": "admin.logentry", "pk": 85, "fields": {"action_time": "2025-07-23T18:14:07.601Z", "user": 1, "content_type": 7, "object_id": "36", "object_repr": "laikipia", "action_flag": 3, "change_message": ""}}, {"model": "admin.logentry", "pk": 86, "fields": {"action_time": "2025-07-23T18:14:07.601Z", "user": 1, "content_type": 7, "object_id": "34", "object_repr": "kajiado", "action_flag": 3, "change_message": ""}}, {"model": "admin.logentry", "pk": 87, "fields": {"action_time": "2025-07-23T18:14:07.601Z", "user": 1, "content_type": 7, "object_id": "32", "object_repr": "narok", "action_flag": 3, "change_message": ""}}, {"model": "admin.logentry", "pk": 88, "fields": {"action_time": "2025-07-23T18:14:07.601Z", "user": 1, "content_type": 7, "object_id": "30", "object_repr": "bomet", "action_flag": 3, "change_message": ""}}, {"model": "admin.logentry", "pk": 89, "fields": {"action_time": "2025-07-23T18:14:07.601Z", "user": 1, "content_type": 7, "object_id": "28", "object_repr": "kericho", "action_flag": 3, "change_message": ""}}, {"model": "admin.logentry", "pk": 90, "fields": {"action_time": "2025-07-23T18:14:07.601Z", "user": 1, "content_type": 7, "object_id": "26", "object_repr": "nyamira", "action_flag": 3, "change_message": ""}}, {"model": "admin.logentry", "pk": 91, "fields": {"action_time": "2025-07-23T18:14:07.601Z", "user": 1, "content_type": 7, "object_id": "24", "object_repr": "kisii", "action_flag": 3, "change_message": ""}}, {"model": "admin.logentry", "pk": 92, "fields": {"action_time": "2025-07-23T18:14:07.601Z", "user": 1, "content_type": 7, "object_id": "22", "object_repr": "bungoma", "action_flag": 3, "change_message": ""}}, {"model": "admin.logentry", "pk": 93, "fields": {"action_time": "2025-07-23T18:14:07.601Z", "user": 1, "content_type": 7, "object_id": "20", "object_repr": "kakamega", "action_flag": 3, "change_message": ""}}, {"model": "admin.logentry", "pk": 94, "fields": {"action_time": "2025-07-23T18:14:07.601Z", "user": 1, "content_type": 7, "object_id": "17", "object_repr": "meru", "action_flag": 3, "change_message": ""}}, {"model": "admin.logentry", "pk": 95, "fields": {"action_time": "2025-07-23T18:14:07.601Z", "user": 1, "content_type": 7, "object_id": "15", "object_repr": "nyeri", "action_flag": 3, "change_message": ""}}, {"model": "admin.logentry", "pk": 96, "fields": {"action_time": "2025-07-23T18:14:07.601Z", "user": 1, "content_type": 7, "object_id": "13", "object_repr": "machakos", "action_flag": 3, "change_message": ""}}, {"model": "admin.logentry", "pk": 97, "fields": {"action_time": "2025-07-23T18:14:07.601Z", "user": 1, "content_type": 7, "object_id": "10", "object_repr": "nakuru", "action_flag": 3, "change_message": ""}}, {"model": "admin.logentry", "pk": 98, "fields": {"action_time": "2025-07-23T18:14:07.601Z", "user": 1, "content_type": 7, "object_id": "8", "object_repr": "kisumu", "action_flag": 3, "change_message": ""}}, {"model": "admin.logentry", "pk": 99, "fields": {"action_time": "2025-07-23T18:14:07.601Z", "user": 1, "content_type": 7, "object_id": "6", "object_repr": "mombasa", "action_flag": 3, "change_message": ""}}, {"model": "admin.logentry", "pk": 100, "fields": {"action_time": "2025-07-23T18:14:07.601Z", "user": 1, "content_type": 7, "object_id": "4", "object_repr": "embu", "action_flag": 3, "change_message": ""}}, {"model": "admin.logentry", "pk": 101, "fields": {"action_time": "2025-07-23T18:14:07.601Z", "user": 1, "content_type": 7, "object_id": "3", "object_repr": "kiambu", "action_flag": 3, "change_message": ""}}, {"model": "admin.logentry", "pk": 102, "fields": {"action_time": "2025-07-23T18:14:07.601Z", "user": 1, "content_type": 7, "object_id": "1", "object_repr": "nairobi", "action_flag": 3, "change_message": ""}}, {"model": "auth.permission", "pk": 1, "fields": {"name": "Can add log entry", "content_type": 1, "codename": "add_logentry"}}, {"model": "auth.permission", "pk": 2, "fields": {"name": "Can change log entry", "content_type": 1, "codename": "change_logentry"}}, {"model": "auth.permission", "pk": 3, "fields": {"name": "Can delete log entry", "content_type": 1, "codename": "delete_logentry"}}, {"model": "auth.permission", "pk": 4, "fields": {"name": "Can view log entry", "content_type": 1, "codename": "view_logentry"}}, {"model": "auth.permission", "pk": 5, "fields": {"name": "Can add permission", "content_type": 2, "codename": "add_permission"}}, {"model": "auth.permission", "pk": 6, "fields": {"name": "Can change permission", "content_type": 2, "codename": "change_permission"}}, {"model": "auth.permission", "pk": 7, "fields": {"name": "Can delete permission", "content_type": 2, "codename": "delete_permission"}}, {"model": "auth.permission", "pk": 8, "fields": {"name": "Can view permission", "content_type": 2, "codename": "view_permission"}}, {"model": "auth.permission", "pk": 9, "fields": {"name": "Can add group", "content_type": 3, "codename": "add_group"}}, {"model": "auth.permission", "pk": 10, "fields": {"name": "Can change group", "content_type": 3, "codename": "change_group"}}, {"model": "auth.permission", "pk": 11, "fields": {"name": "Can delete group", "content_type": 3, "codename": "delete_group"}}, {"model": "auth.permission", "pk": 12, "fields": {"name": "Can view group", "content_type": 3, "codename": "view_group"}}, {"model": "auth.permission", "pk": 13, "fields": {"name": "Can add user", "content_type": 4, "codename": "add_user"}}, {"model": "auth.permission", "pk": 14, "fields": {"name": "Can change user", "content_type": 4, "codename": "change_user"}}, {"model": "auth.permission", "pk": 15, "fields": {"name": "Can delete user", "content_type": 4, "codename": "delete_user"}}, {"model": "auth.permission", "pk": 16, "fields": {"name": "Can view user", "content_type": 4, "codename": "view_user"}}, {"model": "auth.permission", "pk": 17, "fields": {"name": "Can add content type", "content_type": 5, "codename": "add_contenttype"}}, {"model": "auth.permission", "pk": 18, "fields": {"name": "Can change content type", "content_type": 5, "codename": "change_contenttype"}}, {"model": "auth.permission", "pk": 19, "fields": {"name": "Can delete content type", "content_type": 5, "codename": "delete_contenttype"}}, {"model": "auth.permission", "pk": 20, "fields": {"name": "Can view content type", "content_type": 5, "codename": "view_contenttype"}}, {"model": "auth.permission", "pk": 21, "fields": {"name": "Can add session", "content_type": 6, "codename": "add_session"}}, {"model": "auth.permission", "pk": 22, "fields": {"name": "Can change session", "content_type": 6, "codename": "change_session"}}, {"model": "auth.permission", "pk": 23, "fields": {"name": "Can delete session", "content_type": 6, "codename": "delete_session"}}, {"model": "auth.permission", "pk": 24, "fields": {"name": "Can view session", "content_type": 6, "codename": "view_session"}}, {"model": "auth.permission", "pk": 25, "fields": {"name": "Can add county", "content_type": 7, "codename": "add_county"}}, {"model": "auth.permission", "pk": 26, "fields": {"name": "Can change county", "content_type": 7, "codename": "change_county"}}, {"model": "auth.permission", "pk": 27, "fields": {"name": "Can delete county", "content_type": 7, "codename": "delete_county"}}, {"model": "auth.permission", "pk": 28, "fields": {"name": "Can view county", "content_type": 7, "codename": "view_county"}}, {"model": "auth.permission", "pk": 29, "fields": {"name": "Can add town", "content_type": 8, "codename": "add_town"}}, {"model": "auth.permission", "pk": 30, "fields": {"name": "Can change town", "content_type": 8, "codename": "change_town"}}, {"model": "auth.permission", "pk": 31, "fields": {"name": "Can delete town", "content_type": 8, "codename": "delete_town"}}, {"model": "auth.permission", "pk": 32, "fields": {"name": "Can view town", "content_type": 8, "codename": "view_town"}}, {"model": "auth.permission", "pk": 33, "fields": {"name": "Can add escort", "content_type": 9, "codename": "add_escort"}}, {"model": "auth.permission", "pk": 34, "fields": {"name": "Can change escort", "content_type": 9, "codename": "change_escort"}}, {"model": "auth.permission", "pk": 35, "fields": {"name": "Can delete escort", "content_type": 9, "codename": "delete_escort"}}, {"model": "auth.permission", "pk": 36, "fields": {"name": "Can view escort", "content_type": 9, "codename": "view_escort"}}, {"model": "auth.permission", "pk": 37, "fields": {"name": "Can add profile picture", "content_type": 10, "codename": "add_profilepicture"}}, {"model": "auth.permission", "pk": 38, "fields": {"name": "Can change profile picture", "content_type": 10, "codename": "change_profilepicture"}}, {"model": "auth.permission", "pk": 39, "fields": {"name": "Can delete profile picture", "content_type": 10, "codename": "delete_profilepicture"}}, {"model": "auth.permission", "pk": 40, "fields": {"name": "Can view profile picture", "content_type": 10, "codename": "view_profilepicture"}}, {"model": "auth.permission", "pk": 41, "fields": {"name": "Can add image", "content_type": 11, "codename": "add_image"}}, {"model": "auth.permission", "pk": 42, "fields": {"name": "Can change image", "content_type": 11, "codename": "change_image"}}, {"model": "auth.permission", "pk": 43, "fields": {"name": "Can delete image", "content_type": 11, "codename": "delete_image"}}, {"model": "auth.permission", "pk": 44, "fields": {"name": "Can view image", "content_type": 11, "codename": "view_image"}}, {"model": "auth.permission", "pk": 45, "fields": {"name": "Can add service", "content_type": 12, "codename": "add_service"}}, {"model": "auth.permission", "pk": 46, "fields": {"name": "Can change service", "content_type": 12, "codename": "change_service"}}, {"model": "auth.permission", "pk": 47, "fields": {"name": "Can delete service", "content_type": 12, "codename": "delete_service"}}, {"model": "auth.permission", "pk": 48, "fields": {"name": "Can view service", "content_type": 12, "codename": "view_service"}}, {"model": "auth.permission", "pk": 49, "fields": {"name": "Can add payment", "content_type": 13, "codename": "add_payment"}}, {"model": "auth.permission", "pk": 50, "fields": {"name": "Can change payment", "content_type": 13, "codename": "change_payment"}}, {"model": "auth.permission", "pk": 51, "fields": {"name": "Can delete payment", "content_type": 13, "codename": "delete_payment"}}, {"model": "auth.permission", "pk": 52, "fields": {"name": "Can view payment", "content_type": 13, "codename": "view_payment"}}, {"model": "auth.user", "pk": 1, "fields": {"password": "pbkdf2_sha256$1000000$BqBcWKj06Ax0K96aiBm6wL$tEHt5dzUh5e29BuYjf8apoaJGCoZ+I40lGO6mPJVDds=", "last_login": "2025-07-23T09:49:26.690Z", "is_superuser": true, "username": "admin", "first_name": "", "last_name": "", "email": "admin@admin.com", "is_staff": true, "is_active": true, "date_joined": "2025-07-23T08:00:50.558Z", "groups": [], "user_permissions": []}}, {"model": "auth.user", "pk": 2, "fields": {"password": "pbkdf2_sha256$1000000$RCdOtq7dwnjVeLghXs0Mv6$YNjcPffA7ULSkodR2q/kBWA4bMPYYIyCjUd6es64ZAU=", "last_login": "2025-07-23T11:07:01.748Z", "is_superuser": false, "username": "cassim", "first_name": "", "last_name": "", "email": "", "is_staff": false, "is_active": true, "date_joined": "2025-07-23T08:07:07.093Z", "groups": [], "user_permissions": []}}, {"model": "auth.user", "pk": 3, "fields": {"password": "pbkdf2_sha256$1000000$hWeKDLTtLazFBl1gra5ii7$tty+GqsSFweVXU2SNG/Q03ImnGMSEPNnAX9pVFfuD/M=", "last_login": "2025-07-23T11:11:45.390Z", "is_superuser": false, "username": "cas", "first_name": "", "last_name": "", "email": "", "is_staff": false, "is_active": true, "date_joined": "2025-07-23T11:11:43.899Z", "groups": [], "user_permissions": []}}, {"model": "contenttypes.contenttype", "pk": 1, "fields": {"app_label": "admin", "model": "logentry"}}, {"model": "contenttypes.contenttype", "pk": 2, "fields": {"app_label": "auth", "model": "permission"}}, {"model": "contenttypes.contenttype", "pk": 3, "fields": {"app_label": "auth", "model": "group"}}, {"model": "contenttypes.contenttype", "pk": 4, "fields": {"app_label": "auth", "model": "user"}}, {"model": "contenttypes.contenttype", "pk": 5, "fields": {"app_label": "contenttypes", "model": "contenttype"}}, {"model": "contenttypes.contenttype", "pk": 6, "fields": {"app_label": "sessions", "model": "session"}}, {"model": "contenttypes.contenttype", "pk": 7, "fields": {"app_label": "escorts", "model": "county"}}, {"model": "contenttypes.contenttype", "pk": 8, "fields": {"app_label": "escorts", "model": "town"}}, {"model": "contenttypes.contenttype", "pk": 9, "fields": {"app_label": "escorts", "model": "escort"}}, {"model": "contenttypes.contenttype", "pk": 10, "fields": {"app_label": "escorts", "model": "profilepicture"}}, {"model": "contenttypes.contenttype", "pk": 11, "fields": {"app_label": "escorts", "model": "image"}}, {"model": "contenttypes.contenttype", "pk": 12, "fields": {"app_label": "escorts", "model": "service"}}, {"model": "contenttypes.contenttype", "pk": 13, "fields": {"app_label": "mpesa", "model": "payment"}}, {"model": "sessions.session", "pk": "6ng3ornjyyvm8jtzr1m08gt4sxvlr2lp", "fields": {"session_data": ".eJxVjMsOwiAQRf-FtSG8oS7d-w1khgGpGkhKuzL-uzbpQrf3nHNfLMK21riNvMSZ2JlJdvrdENIjtx3QHdqt89TbuszId4UfdPBrp_y8HO7fQYVRv7UoDl2enNKyUDACjZoKFCLtyRlDwYIFrxISpmJRmQwyoLDoQcmiFXt_APajOIM:1ueW6I:rfJTifUslcJlun0JR_XV8s3W7ulfJMj2Lk8U2J4T45M", "expire_date": "2025-08-06T09:49:26.696Z"}}, {"model": "sessions.session", "pk": "v3kf6kjldmsoq82narba2ge5fx5g4gzx", "fields": {"session_data": ".eJxVjDsOwyAQBe9CHSEWY2BTpvcZ0PILTiKQjF1FuXtsyUXSvpl5b-ZoW4vbelrcHNmVDezyu3kKz1QPEB9U742HVtdl9vxQ-Ek7n1pMr9vp_h0U6mWvCQedtQeLVhOpaE2WSFkR6jFoJRKMAjBbMJ4gDiaBAbEHZCVKpSX7fAHW5Dci:1ueXNx:8PumCo_QrukfyGXtg3ns4toPAaPKpR_oeKI1VMMXT-I", "expire_date": "2025-08-06T11:11:45.397Z"}}, {"model": "escorts.county", "pk": 93, "fields": {"name": "nairobi"}}, {"model": "escorts.county", "pk": 94, "fields": {"name": "mombasa"}}, {"model": "escorts.county", "pk": 95, "fields": {"name": "kisumu"}}, {"model": "escorts.county", "pk": 96, "fields": {"name": "nakuru"}}, {"model": "escorts.county", "pk": 97, "fields": {"name": "kiambu"}}, {"model": "escorts.county", "pk": 98, "fields": {"name": "machakos"}}, {"model": "escorts.county", "pk": 99, "fields": {"name": "nyeri"}}, {"model": "escorts.county", "pk": 100, "fields": {"name": "meru"}}, {"model": "escorts.county", "pk": 101, "fields": {"name": "embu"}}, {"model": "escorts.county", "pk": 102, "fields": {"name": "kakamega"}}, {"model": "escorts.county", "pk": 103, "fields": {"name": "bungoma"}}, {"model": "escorts.county", "pk": 104, "fields": {"name": "kisii"}}, {"model": "escorts.county", "pk": 105, "fields": {"name": "nyamira"}}, {"model": "escorts.county", "pk": 106, "fields": {"name": "kericho"}}, {"model": "escorts.county", "pk": 107, "fields": {"name": "bomet"}}, {"model": "escorts.county", "pk": 108, "fields": {"name": "narok"}}, {"model": "escorts.county", "pk": 109, "fields": {"name": "kajiado"}}, {"model": "escorts.county", "pk": 110, "fields": {"name": "laikipia"}}, {"model": "escorts.county", "pk": 111, "fields": {"name": "nyandarua"}}, {"model": "escorts.county", "pk": 112, "fields": {"name": "murang'a"}}, {"model": "escorts.county", "pk": 113, "fields": {"name": "tharaka nithi"}}, {"model": "escorts.county", "pk": 114, "fields": {"name": "kitui"}}, {"model": "escorts.county", "pk": 115, "fields": {"name": "makueni"}}, {"model": "escorts.county", "pk": 116, "fields": {"name": "taita taveta"}}, {"model": "escorts.county", "pk": 117, "fields": {"name": "kwale"}}, {"model": "escorts.county", "pk": 118, "fields": {"name": "kilifi"}}, {"model": "escorts.county", "pk": 119, "fields": {"name": "lamu"}}, {"model": "escorts.county", "pk": 120, "fields": {"name": "tana river"}}, {"model": "escorts.county", "pk": 121, "fields": {"name": "garissa"}}, {"model": "escorts.county", "pk": 122, "fields": {"name": "wajir"}}, {"model": "escorts.county", "pk": 123, "fields": {"name": "mandera"}}, {"model": "escorts.county", "pk": 124, "fields": {"name": "marsabit"}}, {"model": "escorts.county", "pk": 125, "fields": {"name": "isiolo"}}, {"model": "escorts.county", "pk": 126, "fields": {"name": "samburu"}}, {"model": "escorts.county", "pk": 127, "fields": {"name": "turkana"}}, {"model": "escorts.county", "pk": 128, "fields": {"name": "west pokot"}}, {"model": "escorts.county", "pk": 129, "fields": {"name": "elgeyo marakwet"}}, {"model": "escorts.county", "pk": 130, "fields": {"name": "nandi"}}, {"model": "escorts.county", "pk": 131, "fields": {"name": "uasin gishu"}}, {"model": "escorts.county", "pk": 132, "fields": {"name": "trans nzoia"}}, {"model": "escorts.county", "pk": 133, "fields": {"name": "busia"}}, {"model": "escorts.county", "pk": 134, "fields": {"name": "siaya"}}, {"model": "escorts.county", "pk": 135, "fields": {"name": "homabay"}}, {"model": "escorts.county", "pk": 136, "fields": {"name": "migori"}}, {"model": "escorts.county", "pk": 137, "fields": {"name": "vihiga"}}, {"model": "escorts.town", "pk": 553, "fields": {"name": "embakasi", "county": 93}}, {"model": "escorts.town", "pk": 554, "fields": {"name": "kilimani", "county": 93}}, {"model": "escorts.town", "pk": 555, "fields": {"name": "karen", "county": 93}}, {"model": "escorts.town", "pk": 556, "fields": {"name": "westlands", "county": 93}}, {"model": "escorts.town", "pk": 557, "fields": {"name": "langata", "county": 93}}, {"model": "escorts.town", "pk": 558, "fields": {"name": "nairobi central", "county": 93}}, {"model": "escorts.town", "pk": 559, "fields": {"name": "trm", "county": 93}}, {"model": "escorts.town", "pk": 560, "fields": {"name": "kasarani", "county": 93}}, {"model": "escorts.town", "pk": 561, "fields": {"name": "roysambu", "county": 93}}, {"model": "escorts.town", "pk": 562, "fields": {"name": "mombasa town", "county": 94}}, {"model": "escorts.town", "pk": 563, "fields": {"name": "likoni", "county": 94}}, {"model": "escorts.town", "pk": 564, "fields": {"name": "nyali", "county": 94}}, {"model": "escorts.town", "pk": 565, "fields": {"name": "changamwe", "county": 94}}, {"model": "escorts.town", "pk": 566, "fields": {"name": "kisauni", "county": 94}}, {"model": "escorts.town", "pk": 567, "fields": {"name": "mtongwe", "county": 94}}, {"model": "escorts.town", "pk": 568, "fields": {"name": "shanzu", "county": 94}}, {"model": "escorts.town", "pk": 569, "fields": {"name": "milimani", "county": 95}}, {"model": "escorts.town", "pk": 570, "fields": {"name": "nyalenda", "county": 95}}, {"model": "escorts.town", "pk": 571, "fields": {"name": "kondele", "county": 95}}, {"model": "escorts.town", "pk": 572, "fields": {"name": "mamboleo", "county": 95}}, {"model": "escorts.town", "pk": 573, "fields": {"name": "dunga", "county": 95}}, {"model": "escorts.town", "pk": 574, "fields": {"name": "kibos", "county": 95}}, {"model": "escorts.town", "pk": 575, "fields": {"name": "naivasha", "county": 96}}, {"model": "escorts.town", "pk": 576, "fields": {"name": "gilgil", "county": 96}}, {"model": "escorts.town", "pk": 577, "fields": {"name": "rongai", "county": 96}}, {"model": "escorts.town", "pk": 578, "fields": {"name": "njoro", "county": 96}}, {"model": "escorts.town", "pk": 579, "fields": {"name": "molo", "county": 96}}, {"model": "escorts.town", "pk": 580, "fields": {"name": "subukia", "county": 96}}, {"model": "escorts.town", "pk": 581, "fields": {"name": "thika", "county": 97}}, {"model": "escorts.town", "pk": 582, "fields": {"name": "ruiru", "county": 97}}, {"model": "escorts.town", "pk": 583, "fields": {"name": "githunguri", "county": 97}}, {"model": "escorts.town", "pk": 584, "fields": {"name": "limuru", "county": 97}}, {"model": "escorts.town", "pk": 585, "fields": {"name": "kikuyu", "county": 97}}, {"model": "escorts.town", "pk": 586, "fields": {"name": "kiambu town", "county": 97}}, {"model": "escorts.town", "pk": 587, "fields": {"name": "kangundo", "county": 98}}, {"model": "escorts.town", "pk": 588, "fields": {"name": "mavoko", "county": 98}}, {"model": "escorts.town", "pk": 589, "fields": {"name": "masinga", "county": 98}}, {"model": "escorts.town", "pk": 590, "fields": {"name": "matungulu", "county": 98}}, {"model": "escorts.town", "pk": 591, "fields": {"name": "machakos town", "county": 98}}, {"model": "escorts.town", "pk": 592, "fields": {"name": "yatta", "county": 98}}, {"model": "escorts.town", "pk": 593, "fields": {"name": "karatina", "county": 99}}, {"model": "escorts.town", "pk": 594, "fields": {"name": "othaya", "county": 99}}, {"model": "escorts.town", "pk": 595, "fields": {"name": "mukurweini", "county": 99}}, {"model": "escorts.town", "pk": 596, "fields": {"name": "nyeri town", "county": 99}}, {"model": "escorts.town", "pk": 597, "fields": {"name": "kieni", "county": 99}}, {"model": "escorts.town", "pk": 598, "fields": {"name": "tetu", "county": 99}}, {"model": "escorts.town", "pk": 599, "fields": {"name": "timau", "county": 100}}, {"model": "escorts.town", "pk": 600, "fields": {"name": "maua", "county": 100}}, {"model": "escorts.town", "pk": 601, "fields": {"name": "nkubu", "county": 100}}, {"model": "escorts.town", "pk": 602, "fields": {"name": "meru town", "county": 100}}, {"model": "escorts.town", "pk": 603, "fields": {"name": "tigania", "county": 100}}, {"model": "escorts.town", "pk": 604, "fields": {"name": "igembe", "county": 100}}, {"model": "escorts.town", "pk": 605, "fields": {"name": "runyenjes", "county": 101}}, {"model": "escorts.town", "pk": 606, "fields": {"name": "siakago", "county": 101}}, {"model": "escorts.town", "pk": 607, "fields": {"name": "embu town", "county": 101}}, {"model": "escorts.town", "pk": 608, "fields": {"name": "kiritiri", "county": 101}}, {"model": "escorts.town", "pk": 609, "fields": {"name": "manyatta", "county": 101}}, {"model": "escorts.town", "pk": 610, "fields": {"name": "mbeere", "county": 101}}, {"model": "escorts.town", "pk": 611, "fields": {"name": "mumias", "county": 102}}, {"model": "escorts.town", "pk": 612, "fields": {"name": "butere", "county": 102}}, {"model": "escorts.town", "pk": 613, "fields": {"name": "shinyalu", "county": 102}}, {"model": "escorts.town", "pk": 614, "fields": {"name": "malava", "county": 102}}, {"model": "escorts.town", "pk": 615, "fields": {"name": "kakamega town", "county": 102}}, {"model": "escorts.town", "pk": 616, "fields": {"name": "navakholo", "county": 102}}, {"model": "escorts.town", "pk": 617, "fields": {"name": "webuye", "county": 103}}, {"model": "escorts.town", "pk": 618, "fields": {"name": "kimilili", "county": 103}}, {"model": "escorts.town", "pk": 619, "fields": {"name": "chwele", "county": 103}}, {"model": "escorts.town", "pk": 620, "fields": {"name": "sirisia", "county": 103}}, {"model": "escorts.town", "pk": 621, "fields": {"name": "bungoma town", "county": 103}}, {"model": "escorts.town", "pk": 622, "fields": {"name": "mt elgon", "county": 103}}, {"model": "escorts.town", "pk": 623, "fields": {"name": "nyamache", "county": 104}}, {"model": "escorts.town", "pk": 624, "fields": {"name": "suneka", "county": 104}}, {"model": "escorts.town", "pk": 625, "fields": {"name": "kisii town", "county": 104}}, {"model": "escorts.town", "pk": 626, "fields": {"name": "masimba", "county": 104}}, {"model": "escorts.town", "pk": 627, "fields": {"name": "tabaka", "county": 104}}, {"model": "escorts.town", "pk": 628, "fields": {"name": "keumbu", "county": 104}}, {"model": "escorts.town", "pk": 629, "fields": {"name": "nyamira town", "county": 105}}, {"model": "escorts.town", "pk": 630, "fields": {"name": "keroka", "county": 105}}, {"model": "escorts.town", "pk": 631, "fields": {"name": "ekerenyo", "county": 105}}, {"model": "escorts.town", "pk": 632, "fields": {"name": "magwagwa", "county": 105}}, {"model": "escorts.town", "pk": 633, "fields": {"name": "manga", "county": 105}}, {"model": "escorts.town", "pk": 634, "fields": {"name": "gesima", "county": 105}}, {"model": "escorts.town", "pk": 635, "fields": {"name": "litein", "county": 106}}, {"model": "escorts.town", "pk": 636, "fields": {"name": "kericho town", "county": 106}}, {"model": "escorts.town", "pk": 637, "fields": {"name": "sosiot", "county": 106}}, {"model": "escorts.town", "pk": 638, "fields": {"name": "kipkelion", "county": 106}}, {"model": "escorts.town", "pk": 639, "fields": {"name": "chepseon", "county": 106}}, {"model": "escorts.town", "pk": 640, "fields": {"name": "fort tenan", "county": 106}}, {"model": "escorts.town", "pk": 641, "fields": {"name": "bomet town", "county": 107}}, {"model": "escorts.town", "pk": 642, "fields": {"name": "sotik", "county": 107}}, {"model": "escorts.town", "pk": 643, "fields": {"name": "kaplong", "county": 107}}, {"model": "escorts.town", "pk": 644, "fields": {"name": "longisa", "county": 107}}, {"model": "escorts.town", "pk": 645, "fields": {"name": "silibwet", "county": 107}}, {"model": "escorts.town", "pk": 646, "fields": {"name": "chebole", "county": 107}}, {"model": "escorts.town", "pk": 647, "fields": {"name": "narok town", "county": 108}}, {"model": "escorts.town", "pk": 648, "fields": {"name": "kilgoris", "county": 108}}, {"model": "escorts.town", "pk": 649, "fields": {"name": "lolgorien", "county": 108}}, {"model": "escorts.town", "pk": 650, "fields": {"name": "suswa", "county": 108}}, {"model": "escorts.town", "pk": 651, "fields": {"name": "entasekera", "county": 108}}, {"model": "escorts.town", "pk": 652, "fields": {"name": "ololulung'a", "county": 108}}, {"model": "escorts.town", "pk": 653, "fields": {"name": "kajiado town", "county": 109}}, {"model": "escorts.town", "pk": 654, "fields": {"name": "ngong", "county": 109}}, {"model": "escorts.town", "pk": 655, "fields": {"name": "kitengela", "county": 109}}, {"model": "escorts.town", "pk": 656, "fields": {"name": "isinya", "county": 109}}, {"model": "escorts.town", "pk": 657, "fields": {"name": "loitokitok", "county": 109}}, {"model": "escorts.town", "pk": 658, "fields": {"name": "namanga", "county": 109}}, {"model": "escorts.town", "pk": 659, "fields": {"name": "nyahururu", "county": 110}}, {"model": "escorts.town", "pk": 660, "fields": {"name": "nanyuki", "county": 110}}, {"model": "escorts.town", "pk": 661, "fields": {"name": "rumuruti", "county": 110}}, {"model": "escorts.town", "pk": 662, "fields": {"name": "kinamba", "county": 110}}, {"model": "escorts.town", "pk": 663, "fields": {"name": "sipili", "county": 110}}, {"model": "escorts.town", "pk": 664, "fields": {"name": "wiyumiririe", "county": 110}}, {"model": "escorts.town", "pk": 665, "fields": {"name": "ol kalou", "county": 111}}, {"model": "escorts.town", "pk": 666, "fields": {"name": "njabini", "county": 111}}, {"model": "escorts.town", "pk": 667, "fields": {"name": "engineer", "county": 111}}, {"model": "escorts.town", "pk": 668, "fields": {"name": "mirangine", "county": 111}}, {"model": "escorts.town", "pk": 669, "fields": {"name": "kipipiri", "county": 111}}, {"model": "escorts.town", "pk": 670, "fields": {"name": "shamata", "county": 111}}, {"model": "escorts.town", "pk": 671, "fields": {"name": "murang'a town", "county": 112}}, {"model": "escorts.town", "pk": 672, "fields": {"name": "kangema", "county": 112}}, {"model": "escorts.town", "pk": 673, "fields": {"name": "kandara", "county": 112}}, {"model": "escorts.town", "pk": 674, "fields": {"name": "kenol", "county": 112}}, {"model": "escorts.town", "pk": 675, "fields": {"name": "maragua", "county": 112}}, {"model": "escorts.town", "pk": 676, "fields": {"name": "kiria-ini", "county": 112}}, {"model": "escorts.town", "pk": 677, "fields": {"name": "chuka", "county": 113}}, {"model": "escorts.town", "pk": 678, "fields": {"name": "marimanti", "county": 113}}, {"model": "escorts.town", "pk": 679, "fields": {"name": "gatunga", "county": 113}}, {"model": "escorts.town", "pk": 680, "fields": {"name": "muthambi", "county": 113}}, {"model": "escorts.town", "pk": 681, "fields": {"name": "kathwana", "county": 113}}, {"model": "escorts.town", "pk": 682, "fields": {"name": "chiakariga", "county": 113}}, {"model": "escorts.town", "pk": 683, "fields": {"name": "kitui town", "county": 114}}, {"model": "escorts.town", "pk": 684, "fields": {"name": "mwingi", "county": 114}}, {"model": "escorts.town", "pk": 685, "fields": {"name": "mutomo", "county": 114}}, {"model": "escorts.town", "pk": 686, "fields": {"name": "kyuso", "county": 114}}, {"model": "escorts.town", "pk": 687, "fields": {"name": "ikutha", "county": 114}}, {"model": "escorts.town", "pk": 688, "fields": {"name": "kabati", "county": 114}}, {"model": "escorts.town", "pk": 689, "fields": {"name": "wote", "county": 115}}, {"model": "escorts.town", "pk": 690, "fields": {"name": "mtito andei", "county": 115}}, {"model": "escorts.town", "pk": 691, "fields": {"name": "makindu", "county": 115}}, {"model": "escorts.town", "pk": 692, "fields": {"name": "kibwezi", "county": 115}}, {"model": "escorts.town", "pk": 693, "fields": {"name": "sultan hamud", "county": 115}}, {"model": "escorts.town", "pk": 694, "fields": {"name": "kathonzweni", "county": 115}}, {"model": "escorts.town", "pk": 695, "fields": {"name": "voi", "county": 116}}, {"model": "escorts.town", "pk": 696, "fields": {"name": "taveta", "county": 116}}, {"model": "escorts.town", "pk": 697, "fields": {"name": "wundanyi", "county": 116}}, {"model": "escorts.town", "pk": 698, "fields": {"name": "mwatate", "county": 116}}, {"model": "escorts.town", "pk": 699, "fields": {"name": "maungu", "county": 116}}, {"model": "escorts.town", "pk": 700, "fields": {"name": "ndii", "county": 116}}, {"model": "escorts.town", "pk": 701, "fields": {"name": "ukunda", "county": 117}}, {"model": "escorts.town", "pk": 702, "fields": {"name": "diani", "county": 117}}, {"model": "escorts.town", "pk": 703, "fields": {"name": "kwale town", "county": 117}}, {"model": "escorts.town", "pk": 704, "fields": {"name": "kinango", "county": 117}}, {"model": "escorts.town", "pk": 705, "fields": {"name": "lunga lunga", "county": 117}}, {"model": "escorts.town", "pk": 706, "fields": {"name": "shimba hills", "county": 117}}, {"model": "escorts.town", "pk": 707, "fields": {"name": "malindi", "county": 118}}, {"model": "escorts.town", "pk": 708, "fields": {"name": "kilifi town", "county": 118}}, {"model": "escorts.town", "pk": 709, "fields": {"name": "watamu", "county": 118}}, {"model": "escorts.town", "pk": 710, "fields": {"name": "mtwapa", "county": 118}}, {"model": "escorts.town", "pk": 711, "fields": {"name": "kaloleni", "county": 118}}, {"model": "escorts.town", "pk": 712, "fields": {"name": "gongoni", "county": 118}}, {"model": "escorts.town", "pk": 713, "fields": {"name": "lamu town", "county": 119}}, {"model": "escorts.town", "pk": 714, "fields": {"name": "mpeketoni", "county": 119}}, {"model": "escorts.town", "pk": 715, "fields": {"name": "kiunga", "county": 119}}, {"model": "escorts.town", "pk": 716, "fields": {"name": "faza", "county": 119}}, {"model": "escorts.town", "pk": 717, "fields": {"name": "shela", "county": 119}}, {"model": "escorts.town", "pk": 718, "fields": {"name": "matondoni", "county": 119}}, {"model": "escorts.town", "pk": 719, "fields": {"name": "hola", "county": 120}}, {"model": "escorts.town", "pk": 720, "fields": {"name": "bura", "county": 120}}, {"model": "escorts.town", "pk": 721, "fields": {"name": "garsen", "county": 120}}, {"model": "escorts.town", "pk": 722, "fields": {"name": "madogo", "county": 120}}, {"model": "escorts.town", "pk": 723, "fields": {"name": "wenje", "county": 120}}, {"model": "escorts.town", "pk": 724, "fields": {"name": "kipini", "county": 120}}, {"model": "escorts.town", "pk": 725, "fields": {"name": "garissa town", "county": 121}}, {"model": "escorts.town", "pk": 726, "fields": {"name": "dadaab", "county": 121}}, {"model": "escorts.town", "pk": 727, "fields": {"name": "masalani", "county": 121}}, {"model": "escorts.town", "pk": 728, "fields": {"name": "hulugho", "county": 121}}, {"model": "escorts.town", "pk": 729, "fields": {"name": "modogashe", "county": 121}}, {"model": "escorts.town", "pk": 730, "fields": {"name": "balambala", "county": 121}}, {"model": "escorts.town", "pk": 731, "fields": {"name": "wajir town", "county": 122}}, {"model": "escorts.town", "pk": 732, "fields": {"name": "griftu", "county": 122}}, {"model": "escorts.town", "pk": 733, "fields": {"name": "habaswein", "county": 122}}, {"model": "escorts.town", "pk": 734, "fields": {"name": "eldas", "county": 122}}, {"model": "escorts.town", "pk": 735, "fields": {"name": "tarbaj", "county": 122}}, {"model": "escorts.town", "pk": 736, "fields": {"name": "bute", "county": 122}}, {"model": "escorts.town", "pk": 737, "fields": {"name": "mandera town", "county": 123}}, {"model": "escorts.town", "pk": 738, "fields": {"name": "elwak", "county": 123}}, {"model": "escorts.town", "pk": 739, "fields": {"name": "lafey", "county": 123}}, {"model": "escorts.town", "pk": 740, "fields": {"name": "takaba", "county": 123}}, {"model": "escorts.town", "pk": 741, "fields": {"name": "banisa", "county": 123}}, {"model": "escorts.town", "pk": 742, "fields": {"name": "rhamu", "county": 123}}, {"model": "escorts.town", "pk": 743, "fields": {"name": "marsabit town", "county": 124}}, {"model": "escorts.town", "pk": 744, "fields": {"name": "moyale", "county": 124}}, {"model": "escorts.town", "pk": 745, "fields": {"name": "sololo", "county": 124}}, {"model": "escorts.town", "pk": 746, "fields": {"name": "loiyangalani", "county": 124}}, {"model": "escorts.town", "pk": 747, "fields": {"name": "north horr", "county": 124}}, {"model": "escorts.town", "pk": 748, "fields": {"name": "laisamis", "county": 124}}, {"model": "escorts.town", "pk": 749, "fields": {"name": "isiolo town", "county": 125}}, {"model": "escorts.town", "pk": 750, "fields": {"name": "garbatulla", "county": 125}}, {"model": "escorts.town", "pk": 751, "fields": {"name": "kina", "county": 125}}, {"model": "escorts.town", "pk": 752, "fields": {"name": "merti", "county": 125}}, {"model": "escorts.town", "pk": 753, "fields": {"name": "kipsing", "county": 125}}, {"model": "escorts.town", "pk": 754, "fields": {"name": "oldonyiro", "county": 125}}, {"model": "escorts.town", "pk": 755, "fields": {"name": "maralal", "county": 126}}, {"model": "escorts.town", "pk": 756, "fields": {"name": "baragoi", "county": 126}}, {"model": "escorts.town", "pk": 757, "fields": {"name": "archers post", "county": 126}}, {"model": "escorts.town", "pk": 758, "fields": {"name": "wamba", "county": 126}}, {"model": "escorts.town", "pk": 759, "fields": {"name": "lodokejek", "county": 126}}, {"model": "escorts.town", "pk": 760, "fields": {"name": "south horr", "county": 126}}, {"model": "escorts.town", "pk": 761, "fields": {"name": "lodwar", "county": 127}}, {"model": "escorts.town", "pk": 762, "fields": {"name": "kalokol", "county": 127}}, {"model": "escorts.town", "pk": 763, "fields": {"name": "lokichoggio", "county": 127}}, {"model": "escorts.town", "pk": 764, "fields": {"name": "kakuma", "county": 127}}, {"model": "escorts.town", "pk": 765, "fields": {"name": "lokitaung", "county": 127}}, {"model": "escorts.town", "pk": 766, "fields": {"name": "lorugum", "county": 127}}, {"model": "escorts.town", "pk": 767, "fields": {"name": "kapenguria", "county": 128}}, {"model": "escorts.town", "pk": 768, "fields": {"name": "chepareria", "county": 128}}, {"model": "escorts.town", "pk": 769, "fields": {"name": "ortum", "county": 128}}, {"model": "escorts.town", "pk": 770, "fields": {"name": "lomut", "county": 128}}, {"model": "escorts.town", "pk": 771, "fields": {"name": "sigor", "county": 128}}, {"model": "escorts.town", "pk": 772, "fields": {"name": "alale", "county": 128}}, {"model": "escorts.town", "pk": 773, "fields": {"name": "itens", "county": 129}}, {"model": "escorts.town", "pk": 774, "fields": {"name": "kapsowar", "county": 129}}, {"model": "escorts.town", "pk": 775, "fields": {"name": "chebiemit", "county": 129}}, {"model": "escorts.town", "pk": 776, "fields": {"name": "tambach", "county": 129}}, {"model": "escorts.town", "pk": 777, "fields": {"name": "chesoi", "county": 129}}, {"model": "escorts.town", "pk": 778, "fields": {"name": "kapcherop", "county": 129}}, {"model": "escorts.town", "pk": 779, "fields": {"name": "kapsabet", "county": 130}}, {"model": "escorts.town", "pk": 780, "fields": {"name": "nandi hills", "county": 130}}, {"model": "escorts.town", "pk": 781, "fields": {"name": "mosoriot", "county": 130}}, {"model": "escorts.town", "pk": 782, "fields": {"name": "kabiyet", "county": 130}}, {"model": "escorts.town", "pk": 783, "fields": {"name": "chepterit", "county": 130}}, {"model": "escorts.town", "pk": 784, "fields": {"name": "lessos", "county": 130}}, {"model": "escorts.town", "pk": 785, "fields": {"name": "eldoret", "county": 131}}, {"model": "escorts.town", "pk": 786, "fields": {"name": "moiben", "county": 131}}, {"model": "escorts.town", "pk": 787, "fields": {"name": "ziwa", "county": 131}}, {"model": "escorts.town", "pk": 788, "fields": {"name": "kesses", "county": 131}}, {"model": "escorts.town", "pk": 789, "fields": {"name": "turbo", "county": 131}}, {"model": "escorts.town", "pk": 790, "fields": {"name": "kapseret", "county": 131}}, {"model": "escorts.town", "pk": 791, "fields": {"name": "kitale", "county": 132}}, {"model": "escorts.town", "pk": 792, "fields": {"name": "kiminini", "county": 132}}, {"model": "escorts.town", "pk": 793, "fields": {"name": "endebess", "county": 132}}, {"model": "escorts.town", "pk": 794, "fields": {"name": "cherangany", "county": 132}}, {"model": "escorts.town", "pk": 795, "fields": {"name": "saboti", "county": 132}}, {"model": "escorts.town", "pk": 796, "fields": {"name": "kesogon", "county": 132}}, {"model": "escorts.town", "pk": 797, "fields": {"name": "busia town", "county": 133}}, {"model": "escorts.town", "pk": 798, "fields": {"name": "malaba", "county": 133}}, {"model": "escorts.town", "pk": 799, "fields": {"name": "nambale", "county": 133}}, {"model": "escorts.town", "pk": 800, "fields": {"name": "butula", "county": 133}}, {"model": "escorts.town", "pk": 801, "fields": {"name": "funyula", "county": 133}}, {"model": "escorts.town", "pk": 802, "fields": {"name": "port victoria", "county": 133}}, {"model": "escorts.town", "pk": 803, "fields": {"name": "siaya town", "county": 134}}, {"model": "escorts.town", "pk": 804, "fields": {"name": "bondo", "county": 134}}, {"model": "escorts.town", "pk": 805, "fields": {"name": "ugenya", "county": 134}}, {"model": "escorts.town", "pk": 806, "fields": {"name": "gem", "county": 134}}, {"model": "escorts.town", "pk": 807, "fields": {"name": "rarieda", "county": 134}}, {"model": "escorts.town", "pk": 808, "fields": {"name": "alego usonga", "county": 134}}, {"model": "escorts.town", "pk": 809, "fields": {"name": "homabay town", "county": 135}}, {"model": "escorts.town", "pk": 810, "fields": {"name": "mbita", "county": 135}}, {"model": "escorts.town", "pk": 811, "fields": {"name": "kendu bay", "county": 135}}, {"model": "escorts.town", "pk": 812, "fields": {"name": "oyugis", "county": 135}}, {"model": "escorts.town", "pk": 813, "fields": {"name": "rangwe", "county": 135}}, {"model": "escorts.town", "pk": 814, "fields": {"name": "ndhiwa", "county": 135}}, {"model": "escorts.town", "pk": 815, "fields": {"name": "migori town", "county": 136}}, {"model": "escorts.town", "pk": 816, "fields": {"name": "awendo", "county": 136}}, {"model": "escorts.town", "pk": 817, "fields": {"name": "rongo", "county": 136}}, {"model": "escorts.town", "pk": 818, "fields": {"name": "kuria", "county": 136}}, {"model": "escorts.town", "pk": 819, "fields": {"name": "nyatike", "county": 136}}, {"model": "escorts.town", "pk": 820, "fields": {"name": "uriri", "county": 136}}, {"model": "escorts.town", "pk": 821, "fields": {"name": "mbale", "county": 137}}, {"model": "escorts.town", "pk": 822, "fields": {"name": "luanda", "county": 137}}, {"model": "escorts.town", "pk": 823, "fields": {"name": "hamisi", "county": 137}}, {"model": "escorts.town", "pk": 824, "fields": {"name": "sabatia", "county": 137}}, {"model": "escorts.town", "pk": 825, "fields": {"name": "emuhaya", "county": 137}}, {"model": "escorts.town", "pk": 826, "fields": {"name": "tiriki", "county": 137}}]
